<?xml version="1.0"?>
<opencv_storage>
<myhaar type_id="opencv-haar-classifier">
  <size>
    24 24</size>
  <stages>
    <_>
      <trees>
        <_>
          <_>
            <feature>
              <rects>
                <_>
                  6 6 12 9 -1.</_>
                <_>
                  10 6 4 9 3.</_></rects>
              <tilted>0</tilted></feature>
            <threshold>-0.0410623513162136</threshold>
            <left_val>0.6952261924743652</left_val>
            <right_val>-0.9454206824302673</right_val></_></_>
        <_>
          <_>
            <feature>
              <rects>
                <_>
                  5 9 15 15 -1.</_>
                <_>
                  5 14 15 5 3.</_></rects>
              <tilted>0</tilted></feature>
            <threshold>0.0772735029459000</threshold>
            <left_val>-0.8933566808700562</left_val>
            <right_val>0.7251576781272888</right_val></_></_></trees>
      <stage_threshold>-0.2202630043029785</stage_threshold>
      <parent>-1</parent>
      <next>-1</next></_>
    <_>
      <trees>
        <_>
          <_>
            <feature>
              <rects>
                <_>
                  0 11 12 7 -1.</_>
                <_>
                  4 11 4 7 3.</_></rects>
              <tilted>0</tilted></feature>
            <threshold>0.0431219898164272</threshold>
            <left_val>-0.8563460111618042</left_val>
            <right_val>0.6985213160514832</right_val></_></_>
        <_>
          <_>
            <feature>
              <rects>
                <_>
                  11 1 2 6 -1.</_>
                <_>
                  11 3 2 2 3.</_></rects>
              <tilted>0</tilted></feature>
            <threshold>6.5963701345026493e-003</threshold>
            <left_val>-0.6232439875602722</left_val>
            <right_val>0.6919726133346558</right_val></_></_>
        <_>
          <_>
            <feature>
              <rects>
                <_>
                  10 18 4 6 -1.</_>
                <_>
                  10 20 4 2 3.</_></rects>
              <tilted>0</tilted></feature>
            <threshold>6.1654001474380493e-003</threshold>
            <left_val>-0.6081932783126831</left_val>
            <right_val>0.5937424898147583</right_val></_></_>
        <_>
          <_>
            <feature>
              <rects>
                <_>
                  6 9 12 5 -1.</_>
                <_>
                  10 9 4 5 3.</_></rects>
              <tilted>0</tilted></feature>
            <threshold>-0.0207031704485416</threshold>
            <left_val>0.3410176932811737</left_val>
            <right_val>-0.9311199188232422</right_val></_></_>
        <_>
          <_>
            <feature>
              <rects>
                <_>
                  5 8 14 15 -1.</_>
                <_>
                  5 13 14 5 3.</_></rects>
              <tilted>0</tilted></feature>
            <threshold>0.0391162894666195</threshold>
            <left_val>-0.9163988828659058</left_val>
            <right_val>0.3747900128364563</right_val></_></_></trees>
      <stage_threshold>-1.3719760179519653</stage_threshold>
      <parent>0</parent>
      <next>-1</next></_>
    <_>
      <trees>
        <_>
          <_>
            <feature>
              <rects>
                <_>
                  5 20 12 4 -1.</_>
                <_>
                  5 22 12 2 2.</_></rects>
              <tilted>0</tilted></feature>
            <threshold>-0.0126706901937723</threshold>
            <left_val>0.5764256119728088</left_val>
            <right_val>-0.6694195270538330</right_val></_></_>
        <_>
          <_>
            <feature>
              <rects>
                <_>
                  15 8 9 5 -1.</_>
                <_>
                  18 8 3 5 3.</_></rects>
              <tilted>0</tilted></feature>
            <threshold>0.0256517808884382</threshold>
            <left_val>-0.7133759856224060</left_val>
            <right_val>0.7380651831626892</right_val></_></_>
        <_>
          <_>
            <feature>
              <rects>
                <_>
                  0 7 9 6 -1.</_>
                <_>
                  3 7 3 6 3.</_></rects>
              <tilted>0</tilted></feature>
            <threshold>0.0276359207928181</threshold>
            <left_val>-0.5847839117050171</left_val>
            <right_val>0.5784758925437927</right_val></_></_>
        <_>
          <_>
            <feature>
              <rects>
                <_>
                  5 6 14 10 -1.</_>
                <_>
                  5 11 14 5 2.</_></rects>
              <tilted>0</tilted></feature>
            <threshold>0.0124750901013613</threshold>
            <left_val>-0.9578613042831421</left_val>
            <right_val>0.3388324975967407</right_val></_></_>
        <_>
          <_>
            <feature>
              <rects>
                <_>
                  11 9 2 4 -1.</_>
                <_>
                  11 11 2 2 2.</_></rects>
              <tilted>0</tilted></feature>
            <threshold>-3.0652959831058979e-003</threshold>
            <left_val>0.7333592772483826</left_val>
            <right_val>-0.5205811858177185</right_val></_></_></trees>
      <stage_threshold>-0.9860684275627136</stage_threshold>
      <parent>1</parent>
      <next>-1</next></_>
    <_>
      <trees>
        <_>
          <_>
            <feature>
              <rects>
                <_>
                  7 0 9 6 -1.</_>
                <_>
                  7 2 9 2 3.</_></rects>
              <tilted>0</tilted></feature>
            <threshold>0.0102347796782851</threshold>
            <left_val>-0.7298213839530945</left_val>
            <right_val>0.4958001971244812</right_val></_></_>
        <_>
          <_>
            <feature>
              <rects>
                <_>
                  12 11 12 8 -1.</_>
                <_>
                  16 11 4 8 3.</_></rects>
              <tilted>0</tilted></feature>
            <threshold>0.0524409301578999</threshold>
            <left_val>-0.8251904845237732</left_val>
            <right_val>0.5771055817604065</right_val></_></_>
        <_>
          <_>
            <feature>
              <rects>
                <_>
                  0 12 12 6 -1.</_>
                <_>
                  4 12 4 6 3.</_></rects>
              <tilted>0</tilted></feature>
            <threshold>0.0560538098216057</threshold>
            <left_val>-0.6096863150596619</left_val>
            <right_val>0.4389741122722626</right_val></_></_>
        <_>
          <_>
            <feature>
              <rects>
                <_>
                  8 5 8 12 -1.</_>
                <_>
                  8 9 8 4 3.</_></rects>
              <tilted>0</tilted></feature>
            <threshold>-0.0131059596315026</threshold>
            <left_val>0.3742454051971436</left_val>
            <right_val>-0.8529425859451294</right_val></_></_>
        <_>
          <_>
            <feature>
              <rects>
                <_>
                  8 4 4 4 -1.</_>
                <_>
                  8 4 2 2 2.</_>
                <_>
                  10 6 2 2 2.</_></rects>
              <tilted>0</tilted></feature>
            <threshold>-5.3848279640078545e-003</threshold>
            <left_val>0.6881346106529236</left_val>
            <right_val>-0.3614714145660400</right_val></_></_></trees>
      <stage_threshold>-1.1048300266265869</stage_threshold>
      <parent>2</parent>
      <next>-1</next></_>
    <_>
      <trees>
        <_>
          <_>
            <feature>
              <rects>
                <_>
                  0 9 9 4 -1.</_>
                <_>
                  3 9 3 4 3.</_></rects>
              <tilted>0</tilted></feature>
            <threshold>0.0252329409122467</threshold>
            <left_val>-0.5978705883026123</left_val>
            <right_val>0.5324391722679138</right_val></_></_>
        <_>
          <_>
            <feature>
              <rects>
                <_>
                  12 13 9 7 -1.</_>
                <_>
                  15 13 3 7 3.</_></rects>
              <tilted>0</tilted></feature>
            <threshold>0.0120477098971605</threshold>
            <left_val>-0.7613095045089722</left_val>
            <right_val>0.3517979979515076</right_val></_></_>
        <_>
          <_>
            <feature>
              <rects>
                <_>
                  10 18 4 6 -1.</_>
                <_>
                  10 20 4 2 3.</_></rects>
              <tilted>0</tilted></feature>
            <threshold>5.0891521386802197e-003</threshold>
            <left_val>-0.7002301812171936</left_val>
            <right_val>0.4691314101219177</right_val></_></_>
        <_>
          <_>
            <feature>
              <rects>
                <_>
                  12 13 9 6 -1.</_>
                <_>
                  15 13 3 6 3.</_></rects>
              <tilted>0</tilted></feature>
            <threshold>2.0726909860968590e-003</threshold>
            <left_val>-0.6721987128257752</left_val>
            <right_val>0.0869233831763268</right_val></_></_>
        <_>
          <_>
            <feature>
              <rects>
                <_>
                  6 5 12 4 -1.</_>
                <_>
                  10 5 4 4 3.</_></rects>
              <tilted>0</tilted></feature>
            <threshold>-0.0117824003100395</threshold>
            <left_val>0.3875544071197510</left_val>
            <right_val>-0.8567736744880676</right_val></_></_>
        <_>
          <_>
            <feature>
              <rects>
                <_>
                  9 0 8 4 -1.</_>
                <_>
                  9 2 8 2 2.</_></rects>
              <tilted>0</tilted></feature>
            <threshold>9.0811327099800110e-003</threshold>
            <left_val>-0.6629872918128967</left_val>
            <right_val>0.4351252019405365</right_val></_></_>
        <_>
          <_>
            <feature>
              <rects>
                <_>
                  3 14 9 5 -1.</_>
                <_>
                  6 14 3 5 3.</_></rects>
              <tilted>0</tilted></feature>
            <threshold>7.9549085348844528e-003</threshold>
            <left_val>-0.8559241890907288</left_val>
            <right_val>0.3473843932151794</right_val></_></_></trees>
      <stage_threshold>-1.5954920053482056</stage_threshold>
      <parent>3</parent>
      <next>-1</next></_>
    <_>
      <trees>
        <_>
          <_>
            <feature>
              <rects>
                <_>
                  11 6 2 6 -1.</_>
                <_>
                  11 8 2 2 3.</_></rects>
              <tilted>0</tilted></feature>
            <threshold>7.3724440298974514e-003</threshold>
            <left_val>-0.4564242959022522</left_val>
            <right_val>0.7119085192680359</right_val></_></_>
        <_>
          <_>
            <feature>
              <rects>
                <_>
                  7 4 10 12 -1.</_>
                <_>
                  7 8 10 4 3.</_></rects>
              <tilted>0</tilted></feature>
            <threshold>-0.0156506504863501</threshold>
            <left_val>0.3205232918262482</left_val>
            <right_val>-0.9240530133247376</right_val></_></_>
        <_>
          <_>
            <feature>
              <rects>
                <_>
                  0 3 6 18 -1.</_>
                <_>
                  3 3 3 18 2.</_></rects>
              <tilted>0</tilted></feature>
            <threshold>0.0396444909274578</threshold>
            <left_val>-0.6355447173118591</left_val>
            <right_val>0.4193941056728363</right_val></_></_>
        <_>
          <_>
            <feature>
              <rects>
                <_>
                  5 1 14 18 -1.</_>
                <_>
                  5 10 14 9 2.</_></rects>
              <tilted>0</tilted></feature>
            <threshold>0.0142225800082088</threshold>
            <left_val>-0.8981894850730896</left_val>
            <right_val>0.2053968012332916</right_val></_></_>
        <_>
          <_>
            <feature>
              <rects>
                <_>
                  2 14 19 6 -1.</_>
                <_>
                  2 17 19 3 2.</_></rects>
              <tilted>0</tilted></feature>
            <threshold>-2.2223750420380384e-004</threshold>
            <left_val>0.2509044110774994</left_val>
            <right_val>-0.8328772783279419</right_val></_></_>
        <_>
          <_>
            <feature>
              <rects>
                <_>
                  8 11 8 10 -1.</_>
                <_>
                  8 16 8 5 2.</_></rects>
              <tilted>0</tilted></feature>
            <threshold>7.9267111141234636e-004</threshold>
            <left_val>-0.8079658746719360</left_val>
            <right_val>0.2176993042230606</right_val></_></_>
        <_>
          <_>
            <feature>
              <rects>
                <_>
                  4 0 15 2 -1.</_>
                <_>
                  4 1 15 1 2.</_></rects>
              <tilted>0</tilted></feature>
            <threshold>5.2665187977254391e-003</threshold>
            <left_val>-0.5125157833099365</left_val>
            <right_val>0.4289076030254364</right_val></_></_>
        <_>
          <_>
            <feature>
              <rects>
                <_>
                  12 8 6 9 -1.</_>
                <_>
                  12 8 3 9 2.</_></rects>
              <tilted>0</tilted></feature>
            <threshold>-5.5726352147758007e-003</threshold>
            <left_val>0.1772291064262390</left_val>
            <right_val>-0.9231739044189453</right_val></_></_>
        <_>
          <_>
            <feature>
              <rects>
                <_>
                  9 9 6 3 -1.</_>
                <_>
                  9 10 6 1 3.</_></rects>
              <tilted>0</tilted></feature>
            <threshold>5.6341118179261684e-003</threshold>
            <left_val>-0.3993873894214630</left_val>
            <right_val>0.6470633745193481</right_val></_></_></trees>
      <stage_threshold>-1.8577849864959717</stage_threshold>
      <parent>4</parent>
      <next>-1</next></_>
    <_>
      <trees>
        <_>
          <_>
            <feature>
              <rects>
                <_>
                  1 3 12 4 -1.</_>
                <_>
                  1 3 6 2 2.</_>
                <_>
                  7 5 6 2 2.</_></rects>
              <tilted>0</tilted></feature>
            <threshold>-0.0102089298889041</threshold>
            <left_val>0.5134842991828919</left_val>
            <right_val>-0.6066542267799377</right_val></_></_>
        <_>
          <_>
            <feature>
              <rects>
                <_>
                  6 22 13 2 -1.</_>
                <_>
                  6 23 13 1 2.</_></rects>
              <tilted>0</tilted></feature>
            <threshold>-3.9241639897227287e-003</threshold>
            <left_val>0.3996117115020752</left_val>
            <right_val>-0.6244446039199829</right_val></_></_>
        <_>
          <_>
            <feature>
              <rects>
                <_>
                  6 15 1 2 -1.</_>
                <_>
                  6 16 1 1 2.</_></rects>
              <tilted>0</tilted></feature>
            <threshold>5.3272531658876687e-005</threshold>
            <left_val>0.2185768932104111</left_val>
            <right_val>-0.8564925789833069</right_val></_></_>
        <_>
          <_>
            <feature>
              <rects>
                <_>
                  17 15 1 2 -1.</_>
                <_>
                  17 16 1 1 2.</_></rects>
              <tilted>0</tilted></feature>
            <threshold>8.0937621532939374e-005</threshold>
            <left_val>0.2038407027721405</left_val>
            <right_val>-0.9254723787307739</right_val></_></_>
        <_>
          <_>
            <feature>
              <rects>
                <_>
                  6 15 1 2 -1.</_>
                <_>
                  6 16 1 1 2.</_></rects>
              <tilted>0</tilted></feature>
            <threshold>-7.7808421337977052e-005</threshold>
            <left_val>-0.6775032281875610</left_val>
            <right_val>0.3676731884479523</right_val></_></_>
        <_>
          <_>
            <feature>
              <rects>
                <_>
                  8 14 8 6 -1.</_>
                <_>
                  8 17 8 3 2.</_></rects>
              <tilted>0</tilted></feature>
            <threshold>-0.0115128001198173</threshold>
            <left_val>-0.9462537765502930</left_val>
            <right_val>0.1348849982023239</right_val></_></_></trees>
      <stage_threshold>-1.3512990474700928</stage_threshold>
      <parent>5</parent>
      <next>-1</next></_>
    <_>
      <trees>
        <_>
          <_>
            <feature>
              <rects>
                <_>
                  6 14 2 1 -1.</_>
                <_>
                  7 14 1 1 2.</_></rects>
              <tilted>0</tilted></feature>
            <threshold>-1.0631069744704291e-004</threshold>
            <left_val>-0.7724143266677856</left_val>
            <right_val>0.2960362136363983</right_val></_></_>
        <_>
          <_>
            <feature>
              <rects>
                <_>
                  16 14 2 2 -1.</_>
                <_>
                  16 14 1 2 2.</_></rects>
              <tilted>0</tilted></feature>
            <threshold>1.7117109382525086e-004</threshold>
            <left_val>0.1681521981954575</left_val>
            <right_val>-0.8351144790649414</right_val></_></_>
        <_>
          <_>
            <feature>
              <rects>
                <_>
                  6 14 2 2 -1.</_>
                <_>
                  7 14 1 2 2.</_></rects>
              <tilted>0</tilted></feature>
            <threshold>9.7048410680145025e-005</threshold>
            <left_val>0.3108080029487610</left_val>
            <right_val>-0.8236171007156372</right_val></_></_>
        <_>
          <_>
            <feature>
              <rects>
                <_>
                  13 9 2 4 -1.</_>
                <_>
                  14 9 1 2 2.</_>
                <_>
                  13 11 1 2 2.</_></rects>
              <tilted>0</tilted></feature>
            <threshold>-3.3040249254554510e-003</threshold>
            <left_val>0.7058628797531128</left_val>
            <right_val>-0.2766588926315308</right_val></_></_>
        <_>
          <_>
            <feature>
              <rects>
                <_>
                  7 8 3 3 -1.</_>
                <_>
                  7 9 3 1 3.</_></rects>
              <tilted>0</tilted></feature>
            <threshold>-3.3410920295864344e-003</threshold>
            <left_val>0.6041315197944641</left_val>
            <right_val>-0.3432790935039520</right_val></_></_>
        <_>
          <_>
            <feature>
              <rects>
                <_>
                  18 0 4 24 -1.</_>
                <_>
                  18 8 4 8 3.</_></rects>
              <tilted>0</tilted></feature>
            <threshold>0.0633054375648499</threshold>
            <left_val>-0.3559187054634094</left_val>
            <right_val>0.4130358099937439</right_val></_></_>
        <_>
          <_>
            <feature>
              <rects>
                <_>
                  0 7 9 7 -1.</_>
                <_>
                  3 7 3 7 3.</_></rects>
              <tilted>0</tilted></feature>
            <threshold>0.0470843501389027</threshold>
            <left_val>-0.4420560002326965</left_val>
            <right_val>0.4766150116920471</right_val></_></_>
        <_>
          <_>
            <feature>
              <rects>
                <_>
                  17 13 2 1 -1.</_>
                <_>
                  17 13 1 1 2.</_></rects>
              <tilted>0</tilted></feature>
            <threshold>-5.7355438912054524e-005</threshold>
            <left_val>-0.5651121735572815</left_val>
            <right_val>0.1897348016500473</right_val></_></_></trees>
      <stage_threshold>-1.4564479589462280</stage_threshold>
      <parent>6</parent>
      <next>-1</next></_>
    <_>
      <trees>
        <_>
          <_>
            <feature>
              <rects>
                <_>
                  11 6 2 6 -1.</_>
                <_>
                  11 8 2 2 3.</_></rects>
              <tilted>0</tilted></feature>
            <threshold>4.8303948715329170e-003</threshold>
            <left_val>-0.4749997854232788</left_val>
            <right_val>0.4973373115062714</right_val></_></_>
        <_>
          <_>
            <feature>
              <rects>
                <_>
                  8 3 8 10 -1.</_>
                <_>
                  8 8 8 5 2.</_></rects>
              <tilted>0</tilted></feature>
            <threshold>1.8456419929862022e-003</threshold>
            <left_val>0.2273405045270920</left_val>
            <right_val>-0.8995577096939087</right_val></_></_>
        <_>
          <_>
            <feature>
              <rects>
                <_>
                  3 5 12 8 -1.</_>
                <_>
                  3 9 12 4 2.</_></rects>
              <tilted>0</tilted></feature>
            <threshold>-0.0195118598639965</threshold>
            <left_val>-0.8487203717231751</left_val>
            <right_val>0.2731046974658966</right_val></_></_>
        <_>
          <_>
            <feature>
              <rects>
                <_>
                  17 14 2 1 -1.</_>
                <_>
                  17 14 1 1 2.</_></rects>
              <tilted>0</tilted></feature>
            <threshold>8.8946282630786300e-005</threshold>
            <left_val>0.1445769965648651</left_val>
            <right_val>-0.6860358715057373</right_val></_></_>
        <_>
          <_>
            <feature>
              <rects>
                <_>
                  5 14 2 1 -1.</_>
                <_>
                  6 14 1 1 2.</_></rects>
              <tilted>0</tilted></feature>
            <threshold>-6.4258128986693919e-005</threshold>
            <left_val>-0.7796350717544556</left_val>
            <right_val>0.2340396046638489</right_val></_></_>
        <_>
          <_>
            <feature>
              <rects>
                <_>
                  17 14 2 1 -1.</_>
                <_>
                  17 14 1 1 2.</_></rects>
              <tilted>0</tilted></feature>
            <threshold>-7.6295553299132735e-005</threshold>
            <left_val>-0.8763030171394348</left_val>
            <right_val>0.2445306926965714</right_val></_></_>
        <_>
          <_>
            <feature>
              <rects>
                <_>
                  8 7 4 4 -1.</_>
                <_>
                  8 7 2 2 2.</_>
                <_>
                  10 9 2 2 2.</_></rects>
              <tilted>0</tilted></feature>
            <threshold>6.7015602253377438e-003</threshold>
            <left_val>-0.3272674083709717</left_val>
            <right_val>0.7141816020011902</right_val></_></_>
        <_>
          <_>
            <feature>
              <rects>
                <_>
                  10 3 6 4 -1.</_>
                <_>
                  13 3 3 2 2.</_>
                <_>
                  10 5 3 2 2.</_></rects>
              <tilted>0</tilted></feature>
            <threshold>-6.8841041065752506e-003</threshold>
            <left_val>0.3632945120334625</left_val>
            <right_val>-0.2155274003744125</right_val></_></_>
        <_>
          <_>
            <feature>
              <rects>
                <_>
                  8 3 6 4 -1.</_>
                <_>
                  8 3 3 2 2.</_>
                <_>
                  11 5 3 2 2.</_></rects>
              <tilted>0</tilted></feature>
            <threshold>-8.1958547234535217e-003</threshold>
            <left_val>0.6965196132659912</left_val>
            <right_val>-0.3182752132415772</right_val></_></_></trees>
      <stage_threshold>-1.1925779581069946</stage_threshold>
      <parent>7</parent>
      <next>-1</next></_>
    <_>
      <trees>
        <_>
          <_>
            <feature>
              <rects>
                <_>
                  5 14 2 2 -1.</_>
                <_>
                  6 14 1 2 2.</_></rects>
              <tilted>0</tilted></feature>
            <threshold>1.0172060137847438e-004</threshold>
            <left_val>0.3606398999691010</left_val>
            <right_val>-0.6492444276809692</right_val></_></_>
        <_>
          <_>
            <feature>
              <rects>
                <_>
                  11 15 9 4 -1.</_>
                <_>
                  14 15 3 4 3.</_></rects>
              <tilted>0</tilted></feature>
            <threshold>0.0172565896064043</threshold>
            <left_val>-0.2870030105113983</left_val>
            <right_val>0.3142732083797455</right_val></_></_>
        <_>
          <_>
            <feature>
              <rects>
                <_>
                  3 17 12 1 -1.</_>
                <_>
                  7 17 4 1 3.</_></rects>
              <tilted>0</tilted></feature>
            <threshold>8.8855288922786713e-003</threshold>
            <left_val>-0.3647693991661072</left_val>
            <right_val>0.6299523711204529</right_val></_></_>
        <_>
          <_>
            <feature>
              <rects>
                <_>
                  9 20 6 4 -1.</_>
                <_>
                  9 22 6 2 2.</_></rects>
              <tilted>0</tilted></feature>
            <threshold>-0.0182622000575066</threshold>
            <left_val>0.4770480096340179</left_val>
            <right_val>-0.4369654059410095</right_val></_></_>
        <_>
          <_>
            <feature>
              <rects>
                <_>
                  2 14 9 2 -1.</_>
                <_>
                  5 14 3 2 3.</_></rects>
              <tilted>0</tilted></feature>
            <threshold>5.5192811414599419e-003</threshold>
            <left_val>-0.6386845707893372</left_val>
            <right_val>0.3655888140201569</right_val></_></_>
        <_>
          <_>
            <feature>
              <rects>
                <_>
                  3 4 18 8 -1.</_>
                <_>
                  3 8 18 4 2.</_></rects>
              <tilted>0</tilted></feature>
            <threshold>-0.0274747908115387</threshold>
            <left_val>-0.7990944981575012</left_val>
            <right_val>0.1782198995351791</right_val></_></_>
        <_>
          <_>
            <feature>
              <rects>
                <_>
                  8 3 8 12 -1.</_>
                <_>
                  8 9 8 6 2.</_></rects>
              <tilted>0</tilted></feature>
            <threshold>0.0198347698897123</threshold>
            <left_val>0.1539455056190491</left_val>
            <right_val>-0.8778643012046814</right_val></_></_>
        <_>
          <_>
            <feature>
              <rects>
                <_>
                  3 9 18 12 -1.</_>
                <_>
                  3 13 18 4 3.</_></rects>
              <tilted>0</tilted></feature>
            <threshold>0.0454257689416409</threshold>
            <left_val>-0.7090284824371338</left_val>
            <right_val>0.2248539030551910</right_val></_></_></trees>
      <stage_threshold>-1.1479799747467041</stage_threshold>
      <parent>8</parent>
      <next>-1</next></_>
    <_>
      <trees>
        <_>
          <_>
            <feature>
              <rects>
                <_>
                  10 14 4 2 -1.</_>
                <_>
                  10 15 4 1 2.</_></rects>
              <tilted>0</tilted></feature>
            <threshold>-2.4334660265594721e-003</threshold>
            <left_val>0.6359959244728088</left_val>
            <right_val>-0.2979631125926971</right_val></_></_>
        <_>
          <_>
            <feature>
              <rects>
                <_>
                  20 6 4 14 -1.</_>
                <_>
                  20 6 2 14 2.</_></rects>
              <tilted>0</tilted></feature>
            <threshold>0.0166497901082039</threshold>
            <left_val>-0.5881484150886536</left_val>
            <right_val>0.5095422863960266</right_val></_></_>
        <_>
          <_>
            <feature>
              <rects>
                <_>
                  7 9 3 2 -1.</_>
                <_>
                  8 9 1 2 3.</_></rects>
              <tilted>0</tilted></feature>
            <threshold>-3.3782210666686296e-003</threshold>
            <left_val>0.6106761097908020</left_val>
            <right_val>-0.2617087066173554</right_val></_></_>
        <_>
          <_>
            <feature>
              <rects>
                <_>
                  14 7 2 3 -1.</_>
                <_>
                  14 8 2 1 3.</_></rects>
              <tilted>0</tilted></feature>
            <threshold>-1.4817450428381562e-003</threshold>
            <left_val>0.5292673110961914</left_val>
            <right_val>-0.3262977898120880</right_val></_></_>
        <_>
          <_>
            <feature>
              <rects>
                <_>
                  9 10 3 3 -1.</_>
                <_>
                  10 10 1 3 3.</_></rects>
              <tilted>0</tilted></feature>
            <threshold>-4.6586631797254086e-003</threshold>
            <left_val>0.6817138195037842</left_val>
            <right_val>-0.2169035971164703</right_val></_></_>
        <_>
          <_>
            <feature>
              <rects>
                <_>
                  5 0 14 4 -1.</_>
                <_>
                  5 2 14 2 2.</_></rects>
              <tilted>0</tilted></feature>
            <threshold>0.0233514308929443</threshold>
            <left_val>-0.4125446975231171</left_val>
            <right_val>0.4105713069438934</right_val></_></_>
        <_>
          <_>
            <feature>
              <rects>
                <_>
                  8 8 3 2 -1.</_>
                <_>
                  9 8 1 2 3.</_></rects>
              <tilted>0</tilted></feature>
            <threshold>-2.5813430547714233e-003</threshold>
            <left_val>0.5711839199066162</left_val>
            <right_val>-0.2477259933948517</right_val></_></_>
        <_>
          <_>
            <feature>
              <rects>
                <_>
                  11 9 3 4 -1.</_>
                <_>
                  12 9 1 4 3.</_></rects>
              <tilted>0</tilted></feature>
            <threshold>-2.8182549867779016e-003</threshold>
            <left_val>0.3992809951305389</left_val>
            <right_val>-0.2936486005783081</right_val></_></_>
        <_>
          <_>
            <feature>
              <rects>
                <_>
                  3 8 13 15 -1.</_>
                <_>
                  3 13 13 5 3.</_></rects>
              <tilted>0</tilted></feature>
            <threshold>0.0357455797493458</threshold>
            <left_val>-0.8867521882057190</left_val>
            <right_val>0.2019858062267304</right_val></_></_>
        <_>
          <_>
            <feature>
              <rects>
                <_>
                  11 9 3 4 -1.</_>
                <_>
                  12 9 1 4 3.</_></rects>
              <tilted>0</tilted></feature>
            <threshold>6.5221129916608334e-003</threshold>
            <left_val>-0.1538192927837372</left_val>
            <right_val>0.4788053929805756</right_val></_></_></trees>
      <stage_threshold>-1.3012880086898804</stage_threshold>
      <parent>9</parent>
      <next>-1</next></_>
    <_>
      <trees>
        <_>
          <_>
            <feature>
              <rects>
                <_>
                  6 14 12 6 -1.</_>
                <_>
                  6 17 12 3 2.</_></rects>
              <tilted>0</tilted></feature>
            <threshold>-0.0102601703256369</threshold>
            <left_val>-0.7497162222862244</left_val>
            <right_val>0.2985771894454956</right_val></_></_>
        <_>
          <_>
            <feature>
              <rects>
                <_>
                  16 15 2 1 -1.</_>
                <_>
                  16 15 1 1 2.</_></rects>
              <tilted>0</tilted></feature>
            <threshold>-1.1199880100321025e-004</threshold>
            <left_val>-0.8379892110824585</left_val>
            <right_val>0.2760185003280640</right_val></_></_>
        <_>
          <_>
            <feature>
              <rects>
                <_>
                  3 14 18 6 -1.</_>
                <_>
                  3 17 18 3 2.</_></rects>
              <tilted>0</tilted></feature>
            <threshold>-2.1057210396975279e-003</threshold>
            <left_val>0.2301533967256546</left_val>
            <right_val>-0.8117769956588745</right_val></_></_>
        <_>
          <_>
            <feature>
              <rects>
                <_>
                  14 15 3 1 -1.</_>
                <_>
                  15 15 1 1 3.</_></rects>
              <tilted>0</tilted></feature>
            <threshold>-6.3537292589899153e-005</threshold>
            <left_val>-0.4332034885883331</left_val>
            <right_val>0.0737053379416466</right_val></_></_>
        <_>
          <_>
            <feature>
              <rects>
                <_>
                  6 10 8 6 -1.</_>
                <_>
                  10 10 4 6 2.</_></rects>
              <tilted>0</tilted></feature>
            <threshold>-0.0122221000492573</threshold>
            <left_val>0.2222093045711517</left_val>
            <right_val>-0.8317912817001343</right_val></_></_>
        <_>
          <_>
            <feature>
              <rects>
                <_>
                  11 8 9 4 -1.</_>
                <_>
                  14 8 3 4 3.</_></rects>
              <tilted>0</tilted></feature>
            <threshold>-2.1131530229467899e-004</threshold>
            <left_val>0.2914361953735352</left_val>
            <right_val>-0.4937087893486023</right_val></_></_>
        <_>
          <_>
            <feature>
              <rects>
                <_>
                  4 8 9 4 -1.</_>
                <_>
                  7 8 3 4 3.</_></rects>
              <tilted>0</tilted></feature>
            <threshold>6.5639521926641464e-003</threshold>
            <left_val>0.2541995048522949</left_val>
            <right_val>-0.6787756085395813</right_val></_></_>
        <_>
          <_>
            <feature>
              <rects>
                <_>
                  16 15 2 1 -1.</_>
                <_>
                  16 15 1 1 2.</_></rects>
              <tilted>0</tilted></feature>
            <threshold>6.6371692810207605e-005</threshold>
            <left_val>0.2257267981767654</left_val>
            <right_val>-0.7869839072227478</right_val></_></_>
        <_>
          <_>
            <feature>
              <rects>
                <_>
                  6 7 12 5 -1.</_>
                <_>
                  10 7 4 5 3.</_></rects>
              <tilted>0</tilted></feature>
            <threshold>-0.0157575495541096</threshold>
            <left_val>0.1502014994621277</left_val>
            <right_val>-0.8185812234878540</right_val></_></_>
        <_>
          <_>
            <feature>
              <rects>
                <_>
                  0 1 24 21 -1.</_>
                <_>
                  8 1 8 21 3.</_></rects>
              <tilted>0</tilted></feature>
            <threshold>0.1608736962080002</threshold>
            <left_val>-0.3222684860229492</left_val>
            <right_val>0.5581867098808289</right_val></_></_></trees>
      <stage_threshold>-1.2474869489669800</stage_threshold>
      <parent>10</parent>
      <next>-1</next></_></stages></myhaar>
</opencv_storage>
