<?xml version="1.0"?>
<opencv_storage>
<myhaar type_id="opencv-haar-classifier">
  <size>
    24 24</size>
  <stages>
    <_>
      <trees>
        <_>
          <_>
            <feature>
              <rects>
                <_>
                  7 10 10 9 -1.</_>
                <_>
                  7 13 10 3 3.</_></rects>
              <tilted>0</tilted></feature>
            <threshold>0.0158297698944807</threshold>
            <left_val>-0.8111634850502014</left_val>
            <right_val>0.6729505062103272</right_val></_></_>
        <_>
          <_>
            <feature>
              <rects>
                <_>
                  11 1 2 6 -1.</_>
                <_>
                  11 3 2 2 3.</_></rects>
              <tilted>0</tilted></feature>
            <threshold>5.4704961366951466e-003</threshold>
            <left_val>-0.6609823107719421</left_val>
            <right_val>0.7523639798164368</right_val></_></_>
        <_>
          <_>
            <feature>
              <rects>
                <_>
                  6 6 12 7 -1.</_>
                <_>
                  10 6 4 7 3.</_></rects>
              <tilted>0</tilted></feature>
            <threshold>-0.0154839204624295</threshold>
            <left_val>0.5734726190567017</left_val>
            <right_val>-0.7508106827735901</right_val></_></_>
        <_>
          <_>
            <feature>
              <rects>
                <_>
                  0 12 24 10 -1.</_>
                <_>
                  8 12 8 10 3.</_></rects>
              <tilted>0</tilted></feature>
            <threshold>0.0758386477828026</threshold>
            <left_val>-0.7210360169410706</left_val>
            <right_val>0.5395054817199707</right_val></_></_>
        <_>
          <_>
            <feature>
              <rects>
                <_>
                  9 8 2 6 -1.</_>
                <_>
                  9 8 1 3 2.</_>
                <_>
                  10 11 1 3 2.</_></rects>
              <tilted>0</tilted></feature>
            <threshold>-1.5433209482580423e-003</threshold>
            <left_val>0.7620807290077210</left_val>
            <right_val>-0.3938178122043610</right_val></_></_></trees>
      <stage_threshold>-0.9213703870773315</stage_threshold>
      <parent>-1</parent>
      <next>-1</next></_>
    <_>
      <trees>
        <_>
          <_>
            <feature>
              <rects>
                <_>
                  4 8 6 10 -1.</_>
                <_>
                  4 8 3 5 2.</_>
                <_>
                  7 13 3 5 2.</_></rects>
              <tilted>0</tilted></feature>
            <threshold>0.0186385307461023</threshold>
            <left_val>-0.4603176116943359</left_val>
            <right_val>0.6682031154632568</right_val></_></_>
        <_>
          <_>
            <feature>
              <rects>
                <_>
                  10 3 10 4 -1.</_>
                <_>
                  15 3 5 2 2.</_>
                <_>
                  10 5 5 2 2.</_></rects>
              <tilted>0</tilted></feature>
            <threshold>-0.0173151604831219</threshold>
            <left_val>0.7601150274276733</left_val>
            <right_val>-0.3526444137096405</right_val></_></_>
        <_>
          <_>
            <feature>
              <rects>
                <_>
                  0 6 15 10 -1.</_>
                <_>
                  5 6 5 10 3.</_></rects>
              <tilted>0</tilted></feature>
            <threshold>0.0274644307792187</threshold>
            <left_val>-0.6137344837188721</left_val>
            <right_val>0.4589133858680725</right_val></_></_>
        <_>
          <_>
            <feature>
              <rects>
                <_>
                  14 8 3 3 -1.</_>
                <_>
                  14 9 3 1 3.</_></rects>
              <tilted>0</tilted></feature>
            <threshold>-2.3459179792553186e-003</threshold>
            <left_val>0.5592262744903565</left_val>
            <right_val>-0.3761025965213776</right_val></_></_>
        <_>
          <_>
            <feature>
              <rects>
                <_>
                  7 8 3 3 -1.</_>
                <_>
                  7 9 3 1 3.</_></rects>
              <tilted>0</tilted></feature>
            <threshold>-2.7718150522559881e-003</threshold>
            <left_val>0.5996568202972412</left_val>
            <right_val>-0.4158230125904083</right_val></_></_>
        <_>
          <_>
            <feature>
              <rects>
                <_>
                  11 9 2 4 -1.</_>
                <_>
                  11 11 2 2 2.</_></rects>
              <tilted>0</tilted></feature>
            <threshold>-3.6652390845119953e-003</threshold>
            <left_val>0.7449166774749756</left_val>
            <right_val>-0.3093244135379791</right_val></_></_>
        <_>
          <_>
            <feature>
              <rects>
                <_>
                  9 3 6 1 -1.</_>
                <_>
                  11 3 2 1 3.</_></rects>
              <tilted>0</tilted></feature>
            <threshold>3.6569219082593918e-003</threshold>
            <left_val>-0.3903230130672455</left_val>
            <right_val>0.6974201202392578</right_val></_></_></trees>
      <stage_threshold>-1.7897490262985229</stage_threshold>
      <parent>0</parent>
      <next>-1</next></_>
    <_>
      <trees>
        <_>
          <_>
            <feature>
              <rects>
                <_>
                  6 5 12 4 -1.</_>
                <_>
                  10 5 4 4 3.</_></rects>
              <tilted>0</tilted></feature>
            <threshold>-8.9515931904315948e-003</threshold>
            <left_val>0.3498538136482239</left_val>
            <right_val>-0.7588940262794495</right_val></_></_>
        <_>
          <_>
            <feature>
              <rects>
                <_>
                  0 13 24 9 -1.</_>
                <_>
                  8 13 8 9 3.</_></rects>
              <tilted>0</tilted></feature>
            <threshold>0.1513375043869019</threshold>
            <left_val>-0.5533233880996704</left_val>
            <right_val>0.5539783835411072</right_val></_></_>
        <_>
          <_>
            <feature>
              <rects>
                <_>
                  9 0 6 4 -1.</_>
                <_>
                  9 2 6 2 2.</_></rects>
              <tilted>0</tilted></feature>
            <threshold>8.6012296378612518e-003</threshold>
            <left_val>-0.4612753987312317</left_val>
            <right_val>0.5638855099678040</right_val></_></_>
        <_>
          <_>
            <feature>
              <rects>
                <_>
                  6 11 12 4 -1.</_>
                <_>
                  10 11 4 4 3.</_></rects>
              <tilted>0</tilted></feature>
            <threshold>-0.0206173006445169</threshold>
            <left_val>0.4910896122455597</left_val>
            <right_val>-0.4758990108966827</right_val></_></_>
        <_>
          <_>
            <feature>
              <rects>
                <_>
                  7 6 10 18 -1.</_>
                <_>
                  7 12 10 6 3.</_></rects>
              <tilted>0</tilted></feature>
            <threshold>0.0328410193324089</threshold>
            <left_val>-0.6651977896690369</left_val>
            <right_val>0.3305478096008301</right_val></_></_>
        <_>
          <_>
            <feature>
              <rects>
                <_>
                  8 3 8 14 -1.</_>
                <_>
                  8 10 8 7 2.</_></rects>
              <tilted>0</tilted></feature>
            <threshold>0.0551547706127167</threshold>
            <left_val>0.1488793045282364</left_val>
            <right_val>-0.9334849119186401</right_val></_></_>
        <_>
          <_>
            <feature>
              <rects>
                <_>
                  8 12 2 4 -1.</_>
                <_>
                  8 12 1 2 2.</_>
                <_>
                  9 14 1 2 2.</_></rects>
              <tilted>0</tilted></feature>
            <threshold>-2.6272120885550976e-003</threshold>
            <left_val>0.7244631052017212</left_val>
            <right_val>-0.3040530979633331</right_val></_></_></trees>
      <stage_threshold>-1.1070289611816406</stage_threshold>
      <parent>1</parent>
      <next>-1</next></_>
    <_>
      <trees>
        <_>
          <_>
            <feature>
              <rects>
                <_>
                  11 6 2 6 -1.</_>
                <_>
                  11 8 2 2 3.</_></rects>
              <tilted>0</tilted></feature>
            <threshold>7.9930815845727921e-003</threshold>
            <left_val>-0.4287306070327759</left_val>
            <right_val>0.6135547757148743</right_val></_></_>
        <_>
          <_>
            <feature>
              <rects>
                <_>
                  9 7 6 10 -1.</_>
                <_>
                  9 12 6 5 2.</_></rects>
              <tilted>0</tilted></feature>
            <threshold>1.3001670595258474e-004</threshold>
            <left_val>-0.9055956006050110</left_val>
            <right_val>0.2852503955364227</right_val></_></_>
        <_>
          <_>
            <feature>
              <rects>
                <_>
                  0 2 24 3 -1.</_>
                <_>
                  8 2 8 3 3.</_></rects>
              <tilted>0</tilted></feature>
            <threshold>0.0299746394157410</threshold>
            <left_val>-0.5593245029449463</left_val>
            <right_val>0.3927738964557648</right_val></_></_>
        <_>
          <_>
            <feature>
              <rects>
                <_>
                  14 9 3 3 -1.</_>
                <_>
                  15 9 1 3 3.</_></rects>
              <tilted>0</tilted></feature>
            <threshold>-3.3000560943037271e-003</threshold>
            <left_val>0.6662492156028748</left_val>
            <right_val>-0.3139115869998932</right_val></_></_>
        <_>
          <_>
            <feature>
              <rects>
                <_>
                  6 14 12 4 -1.</_>
                <_>
                  6 16 12 2 2.</_></rects>
              <tilted>0</tilted></feature>
            <threshold>-2.5210140738636255e-003</threshold>
            <left_val>0.2944040000438690</left_val>
            <right_val>-0.6662179231643677</right_val></_></_>
        <_>
          <_>
            <feature>
              <rects>
                <_>
                  14 9 3 3 -1.</_>
                <_>
                  15 9 1 3 3.</_></rects>
              <tilted>0</tilted></feature>
            <threshold>3.7577550392597914e-003</threshold>
            <left_val>-0.1734611988067627</left_val>
            <right_val>0.5323228240013123</right_val></_></_>
        <_>
          <_>
            <feature>
              <rects>
                <_>
                  7 9 3 3 -1.</_>
                <_>
                  8 9 1 3 3.</_></rects>
              <tilted>0</tilted></feature>
            <threshold>-3.8798239547759295e-003</threshold>
            <left_val>0.6476172804832459</left_val>
            <right_val>-0.2896743118762970</right_val></_></_>
        <_>
          <_>
            <feature>
              <rects>
                <_>
                  10 20 4 4 -1.</_>
                <_>
                  10 22 4 2 2.</_></rects>
              <tilted>0</tilted></feature>
            <threshold>-3.2373310532420874e-003</threshold>
            <left_val>0.4425767064094544</left_val>
            <right_val>-0.4297559857368469</right_val></_></_></trees>
      <stage_threshold>-1.5335400104522705</stage_threshold>
      <parent>2</parent>
      <next>-1</next></_>
    <_>
      <trees>
        <_>
          <_>
            <feature>
              <rects>
                <_>
                  6 10 12 4 -1.</_>
                <_>
                  10 10 4 4 3.</_></rects>
              <tilted>0</tilted></feature>
            <threshold>-0.0118594802916050</threshold>
            <left_val>0.3203651010990143</left_val>
            <right_val>-0.6933305263519287</right_val></_></_>
        <_>
          <_>
            <feature>
              <rects>
                <_>
                  0 13 24 9 -1.</_>
                <_>
                  8 13 8 9 3.</_></rects>
              <tilted>0</tilted></feature>
            <threshold>0.1125496029853821</threshold>
            <left_val>-0.6107121109962463</left_val>
            <right_val>0.4429416060447693</right_val></_></_>
        <_>
          <_>
            <feature>
              <rects>
                <_>
                  11 1 2 6 -1.</_>
                <_>
                  11 3 2 2 3.</_></rects>
              <tilted>0</tilted></feature>
            <threshold>0.0113618802279234</threshold>
            <left_val>-0.4128678143024445</left_val>
            <right_val>0.5514500737190247</right_val></_></_>
        <_>
          <_>
            <feature>
              <rects>
                <_>
                  6 5 12 4 -1.</_>
                <_>
                  10 5 4 4 3.</_></rects>
              <tilted>0</tilted></feature>
            <threshold>-4.1390289552509785e-003</threshold>
            <left_val>0.2089979052543640</left_val>
            <right_val>-0.7834203243255615</right_val></_></_>
        <_>
          <_>
            <feature>
              <rects>
                <_>
                  3 4 7 6 -1.</_>
                <_>
                  3 6 7 2 3.</_></rects>
              <tilted>0</tilted></feature>
            <threshold>0.0170846097171307</threshold>
            <left_val>-0.3404833078384399</left_val>
            <right_val>0.4897063076496124</right_val></_></_>
        <_>
          <_>
            <feature>
              <rects>
                <_>
                  11 7 3 6 -1.</_>
                <_>
                  11 9 3 2 3.</_></rects>
              <tilted>0</tilted></feature>
            <threshold>0.0133997797966003</threshold>
            <left_val>-0.3155368864536285</left_val>
            <right_val>0.5641279220581055</right_val></_></_>
        <_>
          <_>
            <feature>
              <rects>
                <_>
                  8 4 7 12 -1.</_>
                <_>
                  8 8 7 4 3.</_></rects>
              <tilted>0</tilted></feature>
            <threshold>-5.3070198191562667e-005</threshold>
            <left_val>0.2695986032485962</left_val>
            <right_val>-0.7769964933395386</right_val></_></_>
        <_>
          <_>
            <feature>
              <rects>
                <_>
                  3 0 20 21 -1.</_>
                <_>
                  3 7 20 7 3.</_></rects>
              <tilted>0</tilted></feature>
            <threshold>0.0771370679140091</threshold>
            <left_val>-0.4475277066230774</left_val>
            <right_val>0.3842259049415588</right_val></_></_>
        <_>
          <_>
            <feature>
              <rects>
                <_>
                  6 6 3 2 -1.</_>
                <_>
                  7 6 1 2 3.</_></rects>
              <tilted>0</tilted></feature>
            <threshold>-1.5548890223726630e-003</threshold>
            <left_val>0.5497055053710938</left_val>
            <right_val>-0.3378860950469971</right_val></_></_>
        <_>
          <_>
            <feature>
              <rects>
                <_>
                  12 11 3 1 -1.</_>
                <_>
                  13 11 1 1 3.</_></rects>
              <tilted>0</tilted></feature>
            <threshold>-1.8990969983860850e-003</threshold>
            <left_val>0.5707750916481018</left_val>
            <right_val>-0.1916670948266983</right_val></_></_>
        <_>
          <_>
            <feature>
              <rects>
                <_>
                  8 10 3 3 -1.</_>
                <_>
                  9 10 1 3 3.</_></rects>
              <tilted>0</tilted></feature>
            <threshold>4.3037547729909420e-003</threshold>
            <left_val>-0.3000251054763794</left_val>
            <right_val>0.6262537240982056</right_val></_></_>
        <_>
          <_>
            <feature>
              <rects>
                <_>
                  8 8 8 15 -1.</_>
                <_>
                  8 13 8 5 3.</_></rects>
              <tilted>0</tilted></feature>
            <threshold>4.9601388163864613e-003</threshold>
            <left_val>-0.8291456103324890</left_val>
            <right_val>0.1937918961048126</right_val></_></_></trees>
      <stage_threshold>-1.3565260171890259</stage_threshold>
      <parent>3</parent>
      <next>-1</next></_>
    <_>
      <trees>
        <_>
          <_>
            <feature>
              <rects>
                <_>
                  3 20 18 1 -1.</_>
                <_>
                  9 20 6 1 3.</_></rects>
              <tilted>0</tilted></feature>
            <threshold>9.4947665929794312e-003</threshold>
            <left_val>-0.4695431888103485</left_val>
            <right_val>0.4165840148925781</right_val></_></_>
        <_>
          <_>
            <feature>
              <rects>
                <_>
                  11 6 2 6 -1.</_>
                <_>
                  11 8 2 2 3.</_></rects>
              <tilted>0</tilted></feature>
            <threshold>6.5466491505503654e-003</threshold>
            <left_val>-0.4525834918022156</left_val>
            <right_val>0.4451333880424500</right_val></_></_>
        <_>
          <_>
            <feature>
              <rects>
                <_>
                  5 0 14 4 -1.</_>
                <_>
                  5 2 14 2 2.</_></rects>
              <tilted>0</tilted></feature>
            <threshold>6.7249210551381111e-003</threshold>
            <left_val>-0.5723615288734436</left_val>
            <right_val>0.3370923101902008</right_val></_></_>
        <_>
          <_>
            <feature>
              <rects>
                <_>
                  8 6 8 10 -1.</_>
                <_>
                  8 11 8 5 2.</_></rects>
              <tilted>0</tilted></feature>
            <threshold>4.8906898882705718e-005</threshold>
            <left_val>-0.8542906045913696</left_val>
            <right_val>0.2379079014062882</right_val></_></_>
        <_>
          <_>
            <feature>
              <rects>
                <_>
                  8 3 8 10 -1.</_>
                <_>
                  8 8 8 5 2.</_></rects>
              <tilted>0</tilted></feature>
            <threshold>-1.0501810174901038e-004</threshold>
            <left_val>0.2232875972986221</left_val>
            <right_val>-0.7564896941184998</right_val></_></_>
        <_>
          <_>
            <feature>
              <rects>
                <_>
                  2 0 20 18 -1.</_>
                <_>
                  2 6 20 6 3.</_></rects>
              <tilted>0</tilted></feature>
            <threshold>3.6266709212213755e-003</threshold>
            <left_val>-0.5098577737808228</left_val>
            <right_val>0.3480313122272492</right_val></_></_>
        <_>
          <_>
            <feature>
              <rects>
                <_>
                  10 7 3 3 -1.</_>
                <_>
                  11 7 1 3 3.</_></rects>
              <tilted>0</tilted></feature>
            <threshold>-2.4496188852936029e-003</threshold>
            <left_val>0.4669251143932343</left_val>
            <right_val>-0.4514423012733460</right_val></_></_>
        <_>
          <_>
            <feature>
              <rects>
                <_>
                  13 7 3 3 -1.</_>
                <_>
                  14 7 1 3 3.</_></rects>
              <tilted>0</tilted></feature>
            <threshold>-3.5181681159883738e-003</threshold>
            <left_val>0.5346639752388001</left_val>
            <right_val>-0.1460057049989700</right_val></_></_>
        <_>
          <_>
            <feature>
              <rects>
                <_>
                  8 7 3 3 -1.</_>
                <_>
                  9 7 1 3 3.</_></rects>
              <tilted>0</tilted></feature>
            <threshold>-4.5947670005261898e-003</threshold>
            <left_val>0.7046514749526978</left_val>
            <right_val>-0.2669096887111664</right_val></_></_>
        <_>
          <_>
            <feature>
              <rects>
                <_>
                  12 7 1 6 -1.</_>
                <_>
                  12 9 1 2 3.</_></rects>
              <tilted>0</tilted></feature>
            <threshold>3.4979360643774271e-003</threshold>
            <left_val>-0.3045757114887238</left_val>
            <right_val>0.5129932165145874</right_val></_></_>
        <_>
          <_>
            <feature>
              <rects>
                <_>
                  0 1 8 20 -1.</_>
                <_>
                  4 1 4 20 2.</_></rects>
              <tilted>0</tilted></feature>
            <threshold>0.0140592902898788</threshold>
            <left_val>-0.5717871785163879</left_val>
            <right_val>0.3338955938816071</right_val></_></_>
        <_>
          <_>
            <feature>
              <rects>
                <_>
                  8 4 8 12 -1.</_>
                <_>
                  8 8 8 4 3.</_></rects>
              <tilted>0</tilted></feature>
            <threshold>-9.7271241247653961e-004</threshold>
            <left_val>0.1552567034959793</left_val>
            <right_val>-0.8562662005424500</right_val></_></_>
        <_>
          <_>
            <feature>
              <rects>
                <_>
                  9 7 3 1 -1.</_>
                <_>
                  10 7 1 1 3.</_></rects>
              <tilted>0</tilted></feature>
            <threshold>-1.7313050338998437e-003</threshold>
            <left_val>0.6272522807121277</left_val>
            <right_val>-0.3250760138034821</right_val></_></_>
        <_>
          <_>
            <feature>
              <rects>
                <_>
                  14 8 3 2 -1.</_>
                <_>
                  15 8 1 2 3.</_></rects>
              <tilted>0</tilted></feature>
            <threshold>-2.9744140338152647e-003</threshold>
            <left_val>0.6009283065795898</left_val>
            <right_val>-0.2340013980865479</right_val></_></_></trees>
      <stage_threshold>-1.6117299795150757</stage_threshold>
      <parent>4</parent>
      <next>-1</next></_>
    <_>
      <trees>
        <_>
          <_>
            <feature>
              <rects>
                <_>
                  3 13 18 4 -1.</_>
                <_>
                  3 15 18 2 2.</_></rects>
              <tilted>0</tilted></feature>
            <threshold>-6.4408159814774990e-003</threshold>
            <left_val>0.3731253147125244</left_val>
            <right_val>-0.5464749932289124</right_val></_></_>
        <_>
          <_>
            <feature>
              <rects>
                <_>
                  13 14 6 2 -1.</_>
                <_>
                  15 14 2 2 3.</_></rects>
              <tilted>0</tilted></feature>
            <threshold>7.4303830042481422e-003</threshold>
            <left_val>-0.4260954856872559</left_val>
            <right_val>0.5901944041252136</right_val></_></_>
        <_>
          <_>
            <feature>
              <rects>
                <_>
                  5 14 6 2 -1.</_>
                <_>
                  7 14 2 2 3.</_></rects>
              <tilted>0</tilted></feature>
            <threshold>8.4912674501538277e-003</threshold>
            <left_val>-0.3943602144718170</left_val>
            <right_val>0.5135537981987000</right_val></_></_>
        <_>
          <_>
            <feature>
              <rects>
                <_>
                  8 9 8 15 -1.</_>
                <_>
                  8 14 8 5 3.</_></rects>
              <tilted>0</tilted></feature>
            <threshold>4.1123409755527973e-003</threshold>
            <left_val>-0.8122439980506897</left_val>
            <right_val>0.2015289068222046</right_val></_></_>
        <_>
          <_>
            <feature>
              <rects>
                <_>
                  10 3 4 6 -1.</_>
                <_>
                  10 5 4 2 3.</_></rects>
              <tilted>0</tilted></feature>
            <threshold>-0.0125816501677036</threshold>
            <left_val>0.4323481917381287</left_val>
            <right_val>-0.5586745738983154</right_val></_></_>
        <_>
          <_>
            <feature>
              <rects>
                <_>
                  18 2 3 8 -1.</_>
                <_>
                  18 6 3 4 2.</_></rects>
              <tilted>0</tilted></feature>
            <threshold>2.1099040168337524e-005</threshold>
            <left_val>-0.5300859808921814</left_val>
            <right_val>0.3284102976322174</right_val></_></_>
        <_>
          <_>
            <feature>
              <rects>
                <_>
                  10 10 4 6 -1.</_>
                <_>
                  10 13 4 3 2.</_></rects>
              <tilted>0</tilted></feature>
            <threshold>1.6813239781185985e-003</threshold>
            <left_val>-0.8817936182022095</left_val>
            <right_val>0.1377380937337875</right_val></_></_>
        <_>
          <_>
            <feature>
              <rects>
                <_>
                  12 14 2 2 -1.</_>
                <_>
                  13 14 1 1 2.</_>
                <_>
                  12 15 1 1 2.</_></rects>
              <tilted>0</tilted></feature>
            <threshold>8.1397179747000337e-004</threshold>
            <left_val>-0.4308368861675263</left_val>
            <right_val>0.5256053805351257</right_val></_></_>
        <_>
          <_>
            <feature>
              <rects>
                <_>
                  7 6 6 7 -1.</_>
                <_>
                  10 6 3 7 2.</_></rects>
              <tilted>0</tilted></feature>
            <threshold>-1.6116919869091362e-004</threshold>
            <left_val>0.2619400024414063</left_val>
            <right_val>-0.8254789113998413</right_val></_></_>
        <_>
          <_>
            <feature>
              <rects>
                <_>
                  0 3 24 19 -1.</_>
                <_>
                  8 3 8 19 3.</_></rects>
              <tilted>0</tilted></feature>
            <threshold>0.1482038050889969</threshold>
            <left_val>-0.5200145840644836</left_val>
            <right_val>0.4378814101219177</right_val></_></_>
        <_>
          <_>
            <feature>
              <rects>
                <_>
                  6 13 12 6 -1.</_>
                <_>
                  6 16 12 3 2.</_></rects>
              <tilted>0</tilted></feature>
            <threshold>-6.1460799770429730e-005</threshold>
            <left_val>0.2287534028291702</left_val>
            <right_val>-0.7745860815048218</right_val></_></_>
        <_>
          <_>
            <feature>
              <rects>
                <_>
                  14 8 3 2 -1.</_>
                <_>
                  15 8 1 2 3.</_></rects>
              <tilted>0</tilted></feature>
            <threshold>-3.9311312139034271e-003</threshold>
            <left_val>0.5745847225189209</left_val>
            <right_val>-0.3170934021472931</right_val></_></_>
        <_>
          <_>
            <feature>
              <rects>
                <_>
                  8 10 7 10 -1.</_>
                <_>
                  8 15 7 5 2.</_></rects>
              <tilted>0</tilted></feature>
            <threshold>5.0021061906591058e-004</threshold>
            <left_val>-0.4740537106990814</left_val>
            <right_val>0.4039933979511261</right_val></_></_>
        <_>
          <_>
            <feature>
              <rects>
                <_>
                  9 1 7 6 -1.</_>
                <_>
                  9 3 7 2 3.</_></rects>
              <tilted>0</tilted></feature>
            <threshold>2.4010979104787111e-003</threshold>
            <left_val>-0.6302490234375000</left_val>
            <right_val>0.1820607930421829</right_val></_></_>
        <_>
          <_>
            <feature>
              <rects>
                <_>
                  7 9 3 2 -1.</_>
                <_>
                  8 9 1 2 3.</_></rects>
              <tilted>0</tilted></feature>
            <threshold>-1.6656060470268130e-003</threshold>
            <left_val>0.4263953864574432</left_val>
            <right_val>-0.5154954195022583</right_val></_></_>
        <_>
          <_>
            <feature>
              <rects>
                <_>
                  11 14 7 2 -1.</_>
                <_>
                  11 15 7 1 2.</_></rects>
              <tilted>0</tilted></feature>
            <threshold>-2.9143868596293032e-004</threshold>
            <left_val>0.2936002016067505</left_val>
            <right_val>-0.2463845014572144</right_val></_></_>
        <_>
          <_>
            <feature>
              <rects>
                <_>
                  10 7 1 6 -1.</_>
                <_>
                  10 9 1 2 3.</_></rects>
              <tilted>0</tilted></feature>
            <threshold>2.5846429634839296e-003</threshold>
            <left_val>-0.3194482922554016</left_val>
            <right_val>0.5157102942466736</right_val></_></_>
        <_>
          <_>
            <feature>
              <rects>
                <_>
                  13 4 7 6 -1.</_>
                <_>
                  13 6 7 2 3.</_></rects>
              <tilted>0</tilted></feature>
            <threshold>0.0149778397753835</threshold>
            <left_val>-0.3365100026130676</left_val>
            <right_val>0.4668002128601074</right_val></_></_>
        <_>
          <_>
            <feature>
              <rects>
                <_>
                  4 4 16 4 -1.</_>
                <_>
                  4 4 8 2 2.</_>
                <_>
                  12 6 8 2 2.</_></rects>
              <tilted>0</tilted></feature>
            <threshold>-0.0116924503818154</threshold>
            <left_val>0.6846541762351990</left_val>
            <right_val>-0.4766949117183685</right_val></_></_></trees>
      <stage_threshold>-1.9397530555725098</stage_threshold>
      <parent>5</parent>
      <next>-1</next></_>
    <_>
      <trees>
        <_>
          <_>
            <feature>
              <rects>
                <_>
                  1 4 9 5 -1.</_>
                <_>
                  4 4 3 5 3.</_></rects>
              <tilted>0</tilted></feature>
            <threshold>9.6711842343211174e-003</threshold>
            <left_val>-0.5357248187065125</left_val>
            <right_val>0.4370822012424469</right_val></_></_>
        <_>
          <_>
            <feature>
              <rects>
                <_>
                  2 0 21 21 -1.</_>
                <_>
                  2 7 21 7 3.</_></rects>
              <tilted>0</tilted></feature>
            <threshold>0.0127489902079105</threshold>
            <left_val>-0.6718146800994873</left_val>
            <right_val>0.3121441006660461</right_val></_></_>
        <_>
          <_>
            <feature>
              <rects>
                <_>
                  9 6 5 14 -1.</_>
                <_>
                  9 13 5 7 2.</_></rects>
              <tilted>0</tilted></feature>
            <threshold>1.6623049305053428e-005</threshold>
            <left_val>-0.9335889816284180</left_val>
            <right_val>0.2424703985452652</right_val></_></_>
        <_>
          <_>
            <feature>
              <rects>
                <_>
                  8 15 9 2 -1.</_>
                <_>
                  11 15 3 2 3.</_></rects>
              <tilted>0</tilted></feature>
            <threshold>-0.0108254300430417</threshold>
            <left_val>0.5140094757080078</left_val>
            <right_val>-0.6069663166999817</right_val></_></_>
        <_>
          <_>
            <feature>
              <rects>
                <_>
                  8 4 8 12 -1.</_>
                <_>
                  8 8 8 4 3.</_></rects>
              <tilted>0</tilted></feature>
            <threshold>-6.2905577942728996e-004</threshold>
            <left_val>0.3093984127044678</left_val>
            <right_val>-0.8894460797309876</right_val></_></_>
        <_>
          <_>
            <feature>
              <rects>
                <_>
                  10 16 4 2 -1.</_>
                <_>
                  10 16 2 2 2.</_></rects>
              <tilted>0</tilted></feature>
            <threshold>-7.0644738152623177e-003</threshold>
            <left_val>0.7497972846031189</left_val>
            <right_val>-0.4344555139541626</right_val></_></_>
        <_>
          <_>
            <feature>
              <rects>
                <_>
                  9 15 6 4 -1.</_>
                <_>
                  11 15 2 4 3.</_></rects>
              <tilted>0</tilted></feature>
            <threshold>0.0199762508273125</threshold>
            <left_val>-0.1445817947387695</left_val>
            <right_val>0.7892202138900757</right_val></_></_>
        <_>
          <_>
            <feature>
              <rects>
                <_>
                  0 3 24 1 -1.</_>
                <_>
                  8 3 8 1 3.</_></rects>
              <tilted>0</tilted></feature>
            <threshold>3.8994071073830128e-003</threshold>
            <left_val>-0.6324735283851624</left_val>
            <right_val>0.2983157038688660</right_val></_></_>
        <_>
          <_>
            <feature>
              <rects>
                <_>
                  8 5 8 12 -1.</_>
                <_>
                  8 11 8 6 2.</_></rects>
              <tilted>0</tilted></feature>
            <threshold>4.0685248677618802e-004</threshold>
            <left_val>-0.8452349901199341</left_val>
            <right_val>0.1334834992885590</right_val></_></_>
        <_>
          <_>
            <feature>
              <rects>
                <_>
                  10 11 4 3 -1.</_>
                <_>
                  10 12 4 1 3.</_></rects>
              <tilted>0</tilted></feature>
            <threshold>-2.5092670693993568e-003</threshold>
            <left_val>0.3831751048564911</left_val>
            <right_val>-0.6080297231674194</right_val></_></_>
        <_>
          <_>
            <feature>
              <rects>
                <_>
                  9 2 6 2 -1.</_>
                <_>
                  11 2 2 2 3.</_></rects>
              <tilted>0</tilted></feature>
            <threshold>5.5481339804828167e-003</threshold>
            <left_val>-0.4094800055027008</left_val>
            <right_val>0.5475565195083618</right_val></_></_>
        <_>
          <_>
            <feature>
              <rects>
                <_>
                  11 10 3 3 -1.</_>
                <_>
                  11 11 3 1 3.</_></rects>
              <tilted>0</tilted></feature>
            <threshold>-9.3330757226794958e-004</threshold>
            <left_val>0.4013721942901611</left_val>
            <right_val>-0.6376330256462097</right_val></_></_>
        <_>
          <_>
            <feature>
              <rects>
                <_>
                  11 9 2 3 -1.</_>
                <_>
                  11 10 2 1 3.</_></rects>
              <tilted>0</tilted></feature>
            <threshold>-9.4258860917761922e-004</threshold>
            <left_val>0.5282027125358582</left_val>
            <right_val>-0.4350318908691406</right_val></_></_>
        <_>
          <_>
            <feature>
              <rects>
                <_>
                  8 18 12 3 -1.</_>
                <_>
                  12 18 4 3 3.</_></rects>
              <tilted>0</tilted></feature>
            <threshold>0.0281898491084576</threshold>
            <left_val>-0.1288952976465225</left_val>
            <right_val>0.3672134876251221</right_val></_></_>
        <_>
          <_>
            <feature>
              <rects>
                <_>
                  4 18 12 3 -1.</_>
                <_>
                  8 18 4 3 3.</_></rects>
              <tilted>0</tilted></feature>
            <threshold>4.2489380575716496e-003</threshold>
            <left_val>-0.6170281171798706</left_val>
            <right_val>0.4396589994430542</right_val></_></_>
        <_>
          <_>
            <feature>
              <rects>
                <_>
                  7 9 10 15 -1.</_>
                <_>
                  7 14 10 5 3.</_></rects>
              <tilted>0</tilted></feature>
            <threshold>9.3236169777810574e-004</threshold>
            <left_val>-0.9030845165252686</left_val>
            <right_val>0.1617694050073624</right_val></_></_>
        <_>
          <_>
            <feature>
              <rects>
                <_>
                  7 5 9 4 -1.</_>
                <_>
                  10 5 3 4 3.</_></rects>
              <tilted>0</tilted></feature>
            <threshold>-6.2694470398128033e-004</threshold>
            <left_val>0.1491571068763733</left_val>
            <right_val>-0.7978965044021606</right_val></_></_>
        <_>
          <_>
            <feature>
              <rects>
                <_>
                  8 10 8 4 -1.</_>
                <_>
                  8 12 8 2 2.</_></rects>
              <tilted>0</tilted></feature>
            <threshold>-9.6139992820098996e-005</threshold>
            <left_val>0.6443675160408020</left_val>
            <right_val>-0.3583559095859528</right_val></_></_>
        <_>
          <_>
            <feature>
              <rects>
                <_>
                  4 13 16 4 -1.</_>
                <_>
                  4 15 16 2 2.</_></rects>
              <tilted>0</tilted></feature>
            <threshold>-4.4543121475726366e-005</threshold>
            <left_val>0.3607353866100311</left_val>
            <right_val>-0.5166801214218140</right_val></_></_>
        <_>
          <_>
            <feature>
              <rects>
                <_>
                  12 12 1 3 -1.</_>
                <_>
                  12 13 1 1 3.</_></rects>
              <tilted>0</tilted></feature>
            <threshold>-1.2707359855994582e-003</threshold>
            <left_val>0.5798246264457703</left_val>
            <right_val>-0.2342175990343094</right_val></_></_></trees>
      <stage_threshold>-1.6929130554199219</stage_threshold>
      <parent>6</parent>
      <next>-1</next></_>
    <_>
      <trees>
        <_>
          <_>
            <feature>
              <rects>
                <_>
                  10 7 4 8 -1.</_>
                <_>
                  10 11 4 4 2.</_></rects>
              <tilted>0</tilted></feature>
            <threshold>0.0115251298993826</threshold>
            <left_val>0.2836964130401611</left_val>
            <right_val>-0.6951529979705811</right_val></_></_>
        <_>
          <_>
            <feature>
              <rects>
                <_>
                  10 5 4 8 -1.</_>
                <_>
                  10 9 4 4 2.</_></rects>
              <tilted>0</tilted></feature>
            <threshold>-0.0115976901724935</threshold>
            <left_val>-0.8402569890022278</left_val>
            <right_val>0.1740188002586365</right_val></_></_>
        <_>
          <_>
            <feature>
              <rects>
                <_>
                  9 3 6 12 -1.</_>
                <_>
                  9 9 6 6 2.</_></rects>
              <tilted>0</tilted></feature>
            <threshold>0.0179132092744112</threshold>
            <left_val>0.1584247052669525</left_val>
            <right_val>-0.8892136216163635</right_val></_></_>
        <_>
          <_>
            <feature>
              <rects>
                <_>
                  12 4 1 6 -1.</_>
                <_>
                  12 6 1 2 3.</_></rects>
              <tilted>0</tilted></feature>
            <threshold>-5.0841001793742180e-003</threshold>
            <left_val>0.3672595024108887</left_val>
            <right_val>-0.3056595027446747</right_val></_></_>
        <_>
          <_>
            <feature>
              <rects>
                <_>
                  0 13 24 3 -1.</_>
                <_>
                  8 13 8 3 3.</_></rects>
              <tilted>0</tilted></feature>
            <threshold>0.0713287368416786</threshold>
            <left_val>-0.2811200916767120</left_val>
            <right_val>0.4996618926525116</right_val></_></_>
        <_>
          <_>
            <feature>
              <rects>
                <_>
                  14 8 4 3 -1.</_>
                <_>
                  14 9 4 1 3.</_></rects>
              <tilted>0</tilted></feature>
            <threshold>-4.9686292186379433e-003</threshold>
            <left_val>0.5108063220977783</left_val>
            <right_val>-0.3306033909320831</right_val></_></_>
        <_>
          <_>
            <feature>
              <rects>
                <_>
                  6 8 4 3 -1.</_>
                <_>
                  6 9 4 1 3.</_></rects>
              <tilted>0</tilted></feature>
            <threshold>-5.7906880974769592e-003</threshold>
            <left_val>0.5419449210166931</left_val>
            <right_val>-0.2642143070697784</right_val></_></_>
        <_>
          <_>
            <feature>
              <rects>
                <_>
                  9 2 6 3 -1.</_>
                <_>
                  11 2 2 3 3.</_></rects>
              <tilted>0</tilted></feature>
            <threshold>0.0147945899516344</threshold>
            <left_val>-0.2468194961547852</left_val>
            <right_val>0.6005650758743286</right_val></_></_>
        <_>
          <_>
            <feature>
              <rects>
                <_>
                  2 1 2 4 -1.</_>
                <_>
                  3 1 1 4 2.</_></rects>
              <tilted>0</tilted></feature>
            <threshold>2.3521129041910172e-003</threshold>
            <left_val>0.2109493017196655</left_val>
            <right_val>-0.7120106816291809</right_val></_></_>
        <_>
          <_>
            <feature>
              <rects>
                <_>
                  15 6 9 6 -1.</_>
                <_>
                  18 6 3 6 3.</_></rects>
              <tilted>0</tilted></feature>
            <threshold>0.0231940802186728</threshold>
            <left_val>-0.3633838891983032</left_val>
            <right_val>0.4137650132179260</right_val></_></_>
        <_>
          <_>
            <feature>
              <rects>
                <_>
                  0 6 9 6 -1.</_>
                <_>
                  3 6 3 6 3.</_></rects>
              <tilted>0</tilted></feature>
            <threshold>0.0316744782030582</threshold>
            <left_val>-0.2844648063182831</left_val>
            <right_val>0.5132219791412354</right_val></_></_></trees>
      <stage_threshold>-1.4572930335998535</stage_threshold>
      <parent>7</parent>
      <next>-1</next></_>
    <_>
      <trees>
        <_>
          <_>
            <feature>
              <rects>
                <_>
                  7 15 9 2 -1.</_>
                <_>
                  10 15 3 2 3.</_></rects>
              <tilted>0</tilted></feature>
            <threshold>-0.0184699408710003</threshold>
            <left_val>0.6512461900711060</left_val>
            <right_val>-0.2445441931486130</right_val></_></_>
        <_>
          <_>
            <feature>
              <rects>
                <_>
                  8 3 8 8 -1.</_>
                <_>
                  8 7 8 4 2.</_></rects>
              <tilted>0</tilted></feature>
            <threshold>-0.0268419291824102</threshold>
            <left_val>-0.5951896905899048</left_val>
            <right_val>0.2346259057521820</right_val></_></_>
        <_>
          <_>
            <feature>
              <rects>
                <_>
                  9 17 6 1 -1.</_>
                <_>
                  11 17 2 1 3.</_></rects>
              <tilted>0</tilted></feature>
            <threshold>7.3968591168522835e-003</threshold>
            <left_val>-0.2102304995059967</left_val>
            <right_val>0.6444510817527771</right_val></_></_>
        <_>
          <_>
            <feature>
              <rects>
                <_>
                  11 16 2 3 -1.</_>
                <_>
                  11 16 1 3 2.</_></rects>
              <tilted>0</tilted></feature>
            <threshold>3.5776980221271515e-003</threshold>
            <left_val>-0.2130174934864044</left_val>
            <right_val>0.5633742809295654</right_val></_></_>
        <_>
          <_>
            <feature>
              <rects>
                <_>
                  11 11 2 10 -1.</_>
                <_>
                  11 11 1 5 2.</_>
                <_>
                  12 16 1 5 2.</_></rects>
              <tilted>0</tilted></feature>
            <threshold>8.0965580418705940e-003</threshold>
            <left_val>-0.1651500016450882</left_val>
            <right_val>0.6994928717613220</right_val></_></_>
        <_>
          <_>
            <feature>
              <rects>
                <_>
                  4 5 16 7 -1.</_>
                <_>
                  4 5 8 7 2.</_></rects>
              <tilted>0</tilted></feature>
            <threshold>0.0498282797634602</threshold>
            <left_val>0.2472859025001526</left_val>
            <right_val>-0.7616025209426880</right_val></_></_>
        <_>
          <_>
            <feature>
              <rects>
                <_>
                  9 17 6 1 -1.</_>
                <_>
                  11 17 2 1 3.</_></rects>
              <tilted>0</tilted></feature>
            <threshold>-9.9801002070307732e-003</threshold>
            <left_val>0.8096060752868652</left_val>
            <right_val>-0.2527967989444733</right_val></_></_>
        <_>
          <_>
            <feature>
              <rects>
                <_>
                  9 4 6 7 -1.</_>
                <_>
                  9 4 3 7 2.</_></rects>
              <tilted>0</tilted></feature>
            <threshold>-0.0147632500156760</threshold>
            <left_val>-0.6463987231254578</left_val>
            <right_val>0.2729893028736115</right_val></_></_>
        <_>
          <_>
            <feature>
              <rects>
                <_>
                  9 13 5 2 -1.</_>
                <_>
                  9 14 5 1 2.</_></rects>
              <tilted>0</tilted></feature>
            <threshold>-3.4434800036251545e-003</threshold>
            <left_val>0.6363598108291626</left_val>
            <right_val>-0.2413763999938965</right_val></_></_>
        <_>
          <_>
            <feature>
              <rects>
                <_>
                  18 6 4 1 -1.</_>
                <_>
                  18 6 2 1 2.</_></rects>
              <tilted>0</tilted></feature>
            <threshold>-5.1954697119072080e-004</threshold>
            <left_val>-0.4285157918930054</left_val>
            <right_val>0.1477568000555039</right_val></_></_>
        <_>
          <_>
            <feature>
              <rects>
                <_>
                  2 6 4 1 -1.</_>
                <_>
                  4 6 2 1 2.</_></rects>
              <tilted>0</tilted></feature>
            <threshold>-6.3009769655764103e-004</threshold>
            <left_val>-0.6965317130088806</left_val>
            <right_val>0.1866623014211655</right_val></_></_>
        <_>
          <_>
            <feature>
              <rects>
                <_>
                  10 19 4 3 -1.</_>
                <_>
                  10 20 4 1 3.</_></rects>
              <tilted>0</tilted></feature>
            <threshold>6.8159151123836637e-004</threshold>
            <left_val>-0.4001829028129578</left_val>
            <right_val>0.3148081004619598</right_val></_></_>
        <_>
          <_>
            <feature>
              <rects>
                <_>
                  0 8 1 2 -1.</_>
                <_>
                  0 9 1 1 2.</_></rects>
              <tilted>0</tilted></feature>
            <threshold>-7.1637262590229511e-004</threshold>
            <left_val>-0.6643406152725220</left_val>
            <right_val>0.1637454032897949</right_val></_></_>
        <_>
          <_>
            <feature>
              <rects>
                <_>
                  21 19 2 4 -1.</_>
                <_>
                  22 19 1 2 2.</_>
                <_>
                  21 21 1 2 2.</_></rects>
              <tilted>0</tilted></feature>
            <threshold>7.8607071191072464e-004</threshold>
            <left_val>0.1391998976469040</left_val>
            <right_val>-0.5515034198760986</right_val></_></_>
        <_>
          <_>
            <feature>
              <rects>
                <_>
                  11 7 2 6 -1.</_>
                <_>
                  11 9 2 2 3.</_></rects>
              <tilted>0</tilted></feature>
            <threshold>0.0122731896117330</threshold>
            <left_val>-0.2255306988954544</left_val>
            <right_val>0.5483636856079102</right_val></_></_></trees>
      <stage_threshold>-1.4437570571899414</stage_threshold>
      <parent>8</parent>
      <next>-1</next></_>
    <_>
      <trees>
        <_>
          <_>
            <feature>
              <rects>
                <_>
                  9 3 6 14 -1.</_>
                <_>
                  9 10 6 7 2.</_></rects>
              <tilted>0</tilted></feature>
            <threshold>0.0271314699202776</threshold>
            <left_val>0.1671847999095917</left_val>
            <right_val>-0.8098502159118652</right_val></_></_>
        <_>
          <_>
            <feature>
              <rects>
                <_>
                  8 3 8 12 -1.</_>
                <_>
                  8 9 8 6 2.</_></rects>
              <tilted>0</tilted></feature>
            <threshold>-0.0133734401315451</threshold>
            <left_val>-0.6541007161140442</left_val>
            <right_val>0.1868021041154862</right_val></_></_>
        <_>
          <_>
            <feature>
              <rects>
                <_>
                  9 14 2 2 -1.</_>
                <_>
                  9 14 1 1 2.</_>
                <_>
                  10 15 1 1 2.</_></rects>
              <tilted>0</tilted></feature>
            <threshold>-1.8276380142197013e-003</threshold>
            <left_val>0.7169936895370483</left_val>
            <right_val>-0.2030631005764008</right_val></_></_>
        <_>
          <_>
            <feature>
              <rects>
                <_>
                  9 14 6 4 -1.</_>
                <_>
                  9 16 6 2 2.</_></rects>
              <tilted>0</tilted></feature>
            <threshold>-0.0156060699373484</threshold>
            <left_val>-0.8967202901840210</left_val>
            <right_val>0.1550032049417496</right_val></_></_>
        <_>
          <_>
            <feature>
              <rects>
                <_>
                  6 10 8 4 -1.</_>
                <_>
                  10 10 4 4 2.</_></rects>
              <tilted>0</tilted></feature>
            <threshold>-4.9802651628851891e-003</threshold>
            <left_val>0.1816904991865158</left_val>
            <right_val>-0.5998432040214539</right_val></_></_>
        <_>
          <_>
            <feature>
              <rects>
                <_>
                  6 9 12 8 -1.</_>
                <_>
                  6 9 6 8 2.</_></rects>
              <tilted>0</tilted></feature>
            <threshold>0.0493089482188225</threshold>
            <left_val>0.1196087971329689</left_val>
            <right_val>-0.8529316782951355</right_val></_></_>
        <_>
          <_>
            <feature>
              <rects>
                <_>
                  0 3 24 19 -1.</_>
                <_>
                  8 3 8 19 3.</_></rects>
              <tilted>0</tilted></feature>
            <threshold>0.2998223006725311</threshold>
            <left_val>-0.2833768129348755</left_val>
            <right_val>0.4401197135448456</right_val></_></_>
        <_>
          <_>
            <feature>
              <rects>
                <_>
                  11 16 4 3 -1.</_>
                <_>
                  11 16 2 3 2.</_></rects>
              <tilted>0</tilted></feature>
            <threshold>-0.0125210899859667</threshold>
            <left_val>0.6103155016899109</left_val>
            <right_val>-0.1283123046159744</right_val></_></_>
        <_>
          <_>
            <feature>
              <rects>
                <_>
                  8 17 6 1 -1.</_>
                <_>
                  10 17 2 1 3.</_></rects>
              <tilted>0</tilted></feature>
            <threshold>7.0292050950229168e-003</threshold>
            <left_val>-0.2334993034601212</left_val>
            <right_val>0.6363648772239685</right_val></_></_>
        <_>
          <_>
            <feature>
              <rects>
                <_>
                  14 0 2 1 -1.</_>
                <_>
                  14 0 1 1 2.</_></rects>
              <tilted>0</tilted></feature>
            <threshold>4.6634950558654964e-004</threshold>
            <left_val>0.2156656980514526</left_val>
            <right_val>-0.5256931781768799</right_val></_></_>
        <_>
          <_>
            <feature>
              <rects>
                <_>
                  11 9 2 12 -1.</_>
                <_>
                  11 9 1 6 2.</_>
                <_>
                  12 15 1 6 2.</_></rects>
              <tilted>0</tilted></feature>
            <threshold>0.0127524202689528</threshold>
            <left_val>-0.1870456933975220</left_val>
            <right_val>0.7570316791534424</right_val></_></_></trees>
      <stage_threshold>-1.0042389631271362</stage_threshold>
      <parent>9</parent>
      <next>-1</next></_>
    <_>
      <trees>
        <_>
          <_>
            <feature>
              <rects>
                <_>
                  6 6 12 5 -1.</_>
                <_>
                  10 6 4 5 3.</_></rects>
              <tilted>0</tilted></feature>
            <threshold>-0.0111019304022193</threshold>
            <left_val>0.2038690000772476</left_val>
            <right_val>-0.7055073976516724</right_val></_></_>
        <_>
          <_>
            <feature>
              <rects>
                <_>
                  6 8 12 3 -1.</_>
                <_>
                  10 8 4 3 3.</_></rects>
              <tilted>0</tilted></feature>
            <threshold>-0.0225939191877842</threshold>
            <left_val>-0.6845672130584717</left_val>
            <right_val>0.1835166960954666</right_val></_></_>
        <_>
          <_>
            <feature>
              <rects>
                <_>
                  4 15 9 2 -1.</_>
                <_>
                  7 15 3 2 3.</_></rects>
              <tilted>0</tilted></feature>
            <threshold>0.0177118591964245</threshold>
            <left_val>-0.2977266907691956</left_val>
            <right_val>0.3965344130992889</right_val></_></_>
        <_>
          <_>
            <feature>
              <rects>
                <_>
                  14 4 5 6 -1.</_>
                <_>
                  14 6 5 2 3.</_></rects>
              <tilted>0</tilted></feature>
            <threshold>0.0229368004947901</threshold>
            <left_val>-0.2259510010480881</left_val>
            <right_val>0.6254498958587647</right_val></_></_>
        <_>
          <_>
            <feature>
              <rects>
                <_>
                  5 9 12 2 -1.</_>
                <_>
                  5 9 6 1 2.</_>
                <_>
                  11 10 6 1 2.</_></rects>
              <tilted>0</tilted></feature>
            <threshold>-8.5530243813991547e-003</threshold>
            <left_val>0.5973806977272034</left_val>
            <right_val>-0.2156565934419632</right_val></_></_>
        <_>
          <_>
            <feature>
              <rects>
                <_>
                  7 13 10 6 -1.</_>
                <_>
                  7 16 10 3 2.</_></rects>
              <tilted>0</tilted></feature>
            <threshold>1.6235969960689545e-003</threshold>
            <left_val>0.2110106050968170</left_val>
            <right_val>-0.6794909834861755</right_val></_></_>
        <_>
          <_>
            <feature>
              <rects>
                <_>
                  7 9 3 3 -1.</_>
                <_>
                  8 9 1 3 3.</_></rects>
              <tilted>0</tilted></feature>
            <threshold>-4.6506039798259735e-003</threshold>
            <left_val>0.4882842898368835</left_val>
            <right_val>-0.2532862126827240</right_val></_></_>
        <_>
          <_>
            <feature>
              <rects>
                <_>
                  21 1 2 2 -1.</_>
                <_>
                  22 1 1 1 2.</_>
                <_>
                  21 2 1 1 2.</_></rects>
              <tilted>0</tilted></feature>
            <threshold>3.4696218790486455e-004</threshold>
            <left_val>0.1386924982070923</left_val>
            <right_val>-0.4776923954486847</right_val></_></_>
        <_>
          <_>
            <feature>
              <rects>
                <_>
                  2 21 4 2 -1.</_>
                <_>
                  2 21 2 1 2.</_>
                <_>
                  4 22 2 1 2.</_></rects>
              <tilted>0</tilted></feature>
            <threshold>7.6651881681755185e-004</threshold>
            <left_val>0.1737640053033829</left_val>
            <right_val>-0.5959212183952332</right_val></_></_>
        <_>
          <_>
            <feature>
              <rects>
                <_>
                  19 20 2 4 -1.</_>
                <_>
                  20 20 1 2 2.</_>
                <_>
                  19 22 1 2 2.</_></rects>
              <tilted>0</tilted></feature>
            <threshold>1.2931230012327433e-003</threshold>
            <left_val>0.1311756074428558</left_val>
            <right_val>-0.6221395730972290</right_val></_></_>
        <_>
          <_>
            <feature>
              <rects>
                <_>
                  7 5 10 4 -1.</_>
                <_>
                  7 5 5 2 2.</_>
                <_>
                  12 7 5 2 2.</_></rects>
              <tilted>0</tilted></feature>
            <threshold>-0.0219775699079037</threshold>
            <left_val>0.7344074845314026</left_val>
            <right_val>-0.1709994971752167</right_val></_></_>
        <_>
          <_>
            <feature>
              <rects>
                <_>
                  14 15 2 2 -1.</_>
                <_>
                  15 15 1 1 2.</_>
                <_>
                  14 16 1 1 2.</_></rects>
              <tilted>0</tilted></feature>
            <threshold>1.3481129426509142e-003</threshold>
            <left_val>-0.1049391031265259</left_val>
            <right_val>0.5278844237327576</right_val></_></_>
        <_>
          <_>
            <feature>
              <rects>
                <_>
                  9 18 3 3 -1.</_>
                <_>
                  10 18 1 3 3.</_></rects>
              <tilted>0</tilted></feature>
            <threshold>5.3386851213872433e-003</threshold>
            <left_val>-0.2003940939903259</left_val>
            <right_val>0.6072615981101990</right_val></_></_>
        <_>
          <_>
            <feature>
              <rects>
                <_>
                  19 21 2 2 -1.</_>
                <_>
                  20 21 1 1 2.</_>
                <_>
                  19 22 1 1 2.</_></rects>
              <tilted>0</tilted></feature>
            <threshold>-7.2646600892767310e-004</threshold>
            <left_val>-0.7111135721206665</left_val>
            <right_val>0.1492570936679840</right_val></_></_>
        <_>
          <_>
            <feature>
              <rects>
                <_>
                  6 4 8 2 -1.</_>
                <_>
                  6 4 4 1 2.</_>
                <_>
                  10 5 4 1 2.</_></rects>
              <tilted>0</tilted></feature>
            <threshold>-7.3791379109025002e-003</threshold>
            <left_val>0.5116605758666992</left_val>
            <right_val>-0.2485124021768570</right_val></_></_></trees>
      <stage_threshold>-1.3163880109786987</stage_threshold>
      <parent>10</parent>
      <next>-1</next></_>
    <_>
      <trees>
        <_>
          <_>
            <feature>
              <rects>
                <_>
                  8 12 2 4 -1.</_>
                <_>
                  8 12 1 2 2.</_>
                <_>
                  9 14 1 2 2.</_></rects>
              <tilted>0</tilted></feature>
            <threshold>-3.1719659455120564e-003</threshold>
            <left_val>0.6130778789520264</left_val>
            <right_val>-0.1946357935667038</right_val></_></_>
        <_>
          <_>
            <feature>
              <rects>
                <_>
                  11 5 3 3 -1.</_>
                <_>
                  11 6 3 1 3.</_></rects>
              <tilted>0</tilted></feature>
            <threshold>-8.9052011026069522e-004</threshold>
            <left_val>0.2584398984909058</left_val>
            <right_val>-0.4141888022422791</right_val></_></_>
        <_>
          <_>
            <feature>
              <rects>
                <_>
                  7 9 3 3 -1.</_>
                <_>
                  7 10 3 1 3.</_></rects>
              <tilted>0</tilted></feature>
            <threshold>-3.4925569780170918e-003</threshold>
            <left_val>0.4503973126411438</left_val>
            <right_val>-0.2546488940715790</right_val></_></_>
        <_>
          <_>
            <feature>
              <rects>
                <_>
                  15 3 4 6 -1.</_>
                <_>
                  15 5 4 2 3.</_></rects>
              <tilted>0</tilted></feature>
            <threshold>0.0191699005663395</threshold>
            <left_val>-0.2232203930616379</left_val>
            <right_val>0.5587856173515320</right_val></_></_>
        <_>
          <_>
            <feature>
              <rects>
                <_>
                  7 8 3 3 -1.</_>
                <_>
                  7 9 3 1 3.</_></rects>
              <tilted>0</tilted></feature>
            <threshold>-4.6223271638154984e-003</threshold>
            <left_val>0.4211350977420807</left_val>
            <right_val>-0.2633867859840393</right_val></_></_>
        <_>
          <_>
            <feature>
              <rects>
                <_>
                  6 20 12 4 -1.</_>
                <_>
                  10 20 4 4 3.</_></rects>
              <tilted>0</tilted></feature>
            <threshold>-3.1015230342745781e-003</threshold>
            <left_val>-0.5093626976013184</left_val>
            <right_val>0.2590000033378601</right_val></_></_>
        <_>
          <_>
            <feature>
              <rects>
                <_>
                  7 7 3 3 -1.</_>
                <_>
                  7 8 3 1 3.</_></rects>
              <tilted>0</tilted></feature>
            <threshold>-4.3198121711611748e-003</threshold>
            <left_val>0.5174251794815064</left_val>
            <right_val>-0.2166479974985123</right_val></_></_>
        <_>
          <_>
            <feature>
              <rects>
                <_>
                  12 6 5 6 -1.</_>
                <_>
                  12 8 5 2 3.</_></rects>
              <tilted>0</tilted></feature>
            <threshold>0.0234300997108221</threshold>
            <left_val>-0.0981177166104317</left_val>
            <right_val>0.3048799932003021</right_val></_></_>
        <_>
          <_>
            <feature>
              <rects>
                <_>
                  2 20 3 1 -1.</_>
                <_>
                  3 20 1 1 3.</_></rects>
              <tilted>0</tilted></feature>
            <threshold>-4.7267600893974304e-004</threshold>
            <left_val>-0.4992021024227142</left_val>
            <right_val>0.2503797113895416</right_val></_></_>
        <_>
          <_>
            <feature>
              <rects>
                <_>
                  13 6 3 6 -1.</_>
                <_>
                  13 8 3 2 3.</_></rects>
              <tilted>0</tilted></feature>
            <threshold>-0.0167911797761917</threshold>
            <left_val>0.3672657012939453</left_val>
            <right_val>-0.1332682073116303</right_val></_></_>
        <_>
          <_>
            <feature>
              <rects>
                <_>
                  9 6 5 8 -1.</_>
                <_>
                  9 10 5 4 2.</_></rects>
              <tilted>0</tilted></feature>
            <threshold>0.0132903503254056</threshold>
            <left_val>0.1655137985944748</left_val>
            <right_val>-0.7902048230171204</right_val></_></_>
        <_>
          <_>
            <feature>
              <rects>
                <_>
                  10 5 4 8 -1.</_>
                <_>
                  10 9 4 4 2.</_></rects>
              <tilted>0</tilted></feature>
            <threshold>-9.0723466128110886e-003</threshold>
            <left_val>-0.7028673291206360</left_val>
            <right_val>0.1489150971174240</right_val></_></_>
        <_>
          <_>
            <feature>
              <rects>
                <_>
                  1 0 2 6 -1.</_>
                <_>
                  1 2 2 2 3.</_></rects>
              <tilted>0</tilted></feature>
            <threshold>5.3857881575822830e-003</threshold>
            <left_val>0.1380099058151245</left_val>
            <right_val>-0.6743131279945374</right_val></_></_>
        <_>
          <_>
            <feature>
              <rects>
                <_>
                  9 16 6 1 -1.</_>
                <_>
                  11 16 2 1 3.</_></rects>
              <tilted>0</tilted></feature>
            <threshold>-4.7517339698970318e-003</threshold>
            <left_val>0.3896006941795349</left_val>
            <right_val>-0.2879033982753754</right_val></_></_>
        <_>
          <_>
            <feature>
              <rects>
                <_>
                  2 3 1 2 -1.</_>
                <_>
                  2 4 1 1 2.</_></rects>
              <tilted>0</tilted></feature>
            <threshold>5.9860630426555872e-004</threshold>
            <left_val>0.1609503030776978</left_val>
            <right_val>-0.6467449069023132</right_val></_></_></trees>
      <stage_threshold>-1.1099849939346313</stage_threshold>
      <parent>11</parent>
      <next>-1</next></_></stages></myhaar>
</opencv_storage>
